Componentes Principales,LNE,Densidad_LNE,Razon_LNE_PE,TC_LNE_2019,Coef_Var_LNE,Autocorr_LNE
CP1,0.11835223252031549,-0.13463195672799053,-0.4017049093002149,0.5873578573785538,0.5573001410260767,0.3884938240399006
CP2,0.43815544758054686,0.4814249847720604,0.44442913433018477,0.15141389557459398,-0.20617035998621053,0.5597322102946347
CP3,-0.7271120595042168,0.6554236750604767,-0.14182563122103917,0.07721292133529768,0.048859938547170155,0.11517039813487467
CP4,0.5147467890788028,0.5411930266905522,-0.5078300213754476,-0.1547248427696279,0.09036192068562923,-0.3900634136961734
CP5,0.018773590227338193,0.1625929263017285,0.598408560059353,0.07743290059336244,0.667243816710823,-0.4048556814979639
CP6,-0.0019751403805549714,0.03460743580783106,0.0708326575026422,0.7721315388695649,-0.43719955881932904,-0.45436834318589964
