Componentes Principales,log(LNE),log(Densidad_LNE),Razon_LNE_PE,TC_LNE_2019,Coef_Var_LNE,Var_Prop_LNE,Autocorr_LNE
CP1,-0.033965450490107886,-0.17628129837850895,-0.3483034033194675,0.4543208013537515,0.536192492573331,0.5380482379939818,0.25109819833667396
CP2,-0.6059255437939465,-0.5489291261977729,-0.16910082919238847,-0.22395846124936128,0.06366918045119346,0.030407484130664866,-0.49779532677651955
CP3,0.3753713497341144,0.36735030057768037,-0.6052582285045203,-0.24230935551905522,0.11252355184934865,0.09085058297092084,-0.5274309256886993
CP4,-0.09898882659268977,0.3339447418026343,0.6142328889214637,-0.2738817672509499,0.42534723846544653,0.42612355614644687,-0.25275936974479857
CP5,-0.6934359774791901,0.6395990952511064,-0.2501385801970816,0.08194175995243219,-0.06953259038937767,-0.07691238178586357,0.17327863563088436
CP6,0.0006154809064889507,0.10975725414004547,0.20927844734915643,0.7764974428416103,-0.0966036116927433,-0.12552991715007017,-0.5622430090189398
CP7,0.012012987985513562,0.001651320441288374,0.010163954417470275,-0.006887679135824389,0.7075980387616673,-0.7057415181209667,0.03059641005308106
